{
    "name": "root",
    "gauges": {
        "3DBall_ppo_3DBall.Policy.Entropy.mean": {
            "value": 1.2793678045272827,
            "min": 1.2793678045272827,
            "max": 1.4189382791519165,
            "count": 13
        },
        "3DBall_ppo_3DBall.Environment.EpisodeLength.mean": {
            "value": 985.9166666666666,
            "min": 21.87238095238095,
            "max": 985.9166666666666,
            "count": 13
        },
        "3DBall_ppo_3DBall.Policy.ExtrinsicValueEstimate.mean": {
            "value": 4.004411220550537,
            "min": 0.09768423438072205,
            "max": 4.004411220550537,
            "count": 13
        },
        "3DBall_ppo_3DBall.Environment.CumulativeReward.mean": {
            "value": 98.6000150044759,
            "min": 1.1883587536921028,
            "max": 98.6000150044759,
            "count": 13
        },
        "3DBall_ppo_3DBall.Policy.ExtrinsicReward.mean": {
            "value": 98.6000150044759,
            "min": 1.1883587536921028,
            "max": 98.6000150044759,
            "count": 13
        },
        "3DBall_ppo_3DBall.IsTraining.mean": {
            "value": 1.0,
            "min": 1.0,
            "max": 1.0,
            "count": 13
        },
        "3DBall_ppo_3DBall.Losses.ValueLoss.mean": {
            "value": 8.141616821289062,
            "min": 0.25973978638648987,
            "max": 10.468769073486328,
            "count": 12
        },
        "3DBall_ppo_3DBall.Losses.PolicyLoss.mean": {
            "value": 0.09651675820350647,
            "min": 0.09356140345335007,
            "max": 0.10134264826774597,
            "count": 12
        },
        "3DBall_ppo_3DBall.Policy.LearningRate.mean": {
            "value": 0.00021277624182403088,
            "min": 0.00021277624182403088,
            "max": 0.0002927952155005187,
            "count": 12
        }
    },
    "metadata": {
        "timer_format_version": "0.1.0",
        "start_time_seconds": "1588864089",
        "python_version": "3.7.7 (default, Apr 15 2020, 05:09:04) [MSC v.1916 64 bit (AMD64)]",
        "command_line_arguments": "E:\\Programs\\Anaconda\\envs\\Unity_Ml_Agents\\Scripts\\mlagents-learn config/trainer_config.yaml --run-id=3DBall_ppo",
        "mlagents_version": "0.16.0",
        "mlagents_envs_version": "0.16.0",
        "communication_protocol_version": "1.0.0",
        "tensorflow_version": "2.0.1",
        "end_time_seconds": "1588864427"
    },
    "total": 338.42290199999997,
    "count": 1,
    "self": 0.0015596999999161199,
    "children": {
        "run_training.setup": {
            "total": 0.02019459999999995,
            "count": 1,
            "self": 0.02019459999999995
        },
        "TrainerController.start_learning": {
            "total": 338.4011477,
            "count": 1,
            "self": 19.52711430000187,
            "children": {
                "TrainerController._reset_env": {
                    "total": 21.0814515,
                    "count": 1,
                    "self": 21.0814515
                },
                "TrainerController.advance": {
                    "total": 296.7951932999981,
                    "count": 15544,
                    "self": 0.3937143999970658,
                    "children": {
                        "env_step": {
                            "total": 296.40147890000105,
                            "count": 15544,
                            "self": 272.9363492000023,
                            "children": {
                                "SubprocessEnvManager._take_step": {
                                    "total": 23.03477829999983,
                                    "count": 15544,
                                    "self": 1.097665099999702,
                                    "children": {
                                        "NNPolicy.evaluate": {
                                            "total": 21.937113200000127,
                                            "count": 13687,
                                            "self": 21.937113200000127
                                        }
                                    }
                                },
                                "workers": {
                                    "total": 0.4303513999988837,
                                    "count": 15543,
                                    "self": 0.0,
                                    "children": {
                                        "worker_root": {
                                            "total": 313.6971456999995,
                                            "count": 15543,
                                            "is_parallel": true,
                                            "self": 113.69875539999575,
                                            "children": {
                                                "steps_from_proto": {
                                                    "total": 0.0010346999999981676,
                                                    "count": 1,
                                                    "is_parallel": true,
                                                    "self": 0.0003719999999987067,
                                                    "children": {
                                                        "_process_vector_observation": {
                                                            "total": 0.0006626999999994609,
                                                            "count": 2,
                                                            "is_parallel": true,
                                                            "self": 0.0006626999999994609
                                                        }
                                                    }
                                                },
                                                "UnityEnvironment.step": {
                                                    "total": 199.99735560000377,
                                                    "count": 15543,
                                                    "is_parallel": true,
                                                    "self": 3.806837900008162,
                                                    "children": {
                                                        "UnityEnvironment._generate_step_input": {
                                                            "total": 4.610407799996821,
                                                            "count": 15543,
                                                            "is_parallel": true,
                                                            "self": 4.610407799996821
                                                        },
                                                        "communicator.exchange": {
                                                            "total": 182.30522159999936,
                                                            "count": 15543,
                                                            "is_parallel": true,
                                                            "self": 182.30522159999936
                                                        },
                                                        "steps_from_proto": {
                                                            "total": 9.274888299999425,
                                                            "count": 15543,
                                                            "is_parallel": true,
                                                            "self": 3.343477800001512,
                                                            "children": {
                                                                "_process_vector_observation": {
                                                                    "total": 5.931410499997913,