{
    "name": "root",
    "gauges": {
        "RollerBall_multi_RollerBall.Policy.Entropy.mean": {
            "value": 1.278708577156067,
            "min": 1.278708577156067,
            "max": 1.4180498123168945,
            "count": 162
        },
        "RollerBall_multi_RollerBall.Environment.EpisodeLength.mean": {
            "value": 16.892857142857142,
            "min": 15.145454545454545,
            "max": 95.25,
            "count": 162
        },
        "RollerBall_multi_RollerBall.Policy.ExtrinsicValueEstimate.mean": {
            "value": 0.8864018321037292,
            "min": -0.10163144022226334,
            "max": 0.9131713509559631,
            "count": 162
        },
        "RollerBall_multi_RollerBall.Environment.CumulativeReward.mean": {
            "value": 0.9642857142857143,
            "min": 0.0,
            "max": 1.0,
            "count": 162
        },
        "RollerBall_multi_RollerBall.Policy.ExtrinsicReward.mean": {
            "value": 0.9642857142857143,
            "min": 0.0,
            "max": 1.0,
            "count": 162
        },
        "RollerBall_multi_RollerBall.Losses.ValueLoss.mean": {
            "value": 0.005916399881243706,
            "min": 0.0011411109007894993,
            "max": 0.22839531302452087,
            "count": 162
        },
        "RollerBall_multi_RollerBall.Losses.PolicyLoss.mean": {
            "value": 0.23107774555683136,
            "min": 0.21547232568264008,
            "max": 0.2763579189777374,
            "count": 162
        },
        "RollerBall_multi_RollerBall.Policy.LearningRate.mean": {
            "value": 0.0001385267241857946,
            "min": 0.0001385267241857946,
            "max": 0.0002994367678184062,
            "count": 162
        },
        "RollerBall_multi_RollerBall.IsTraining.mean": {
            "value": 1.0,
            "min": 1.0,
            "max": 1.0,
            "count": 162
        }
    },
    "metadata": {
        "timer_format_version": "0.1.0",
        "start_time_seconds": "1588838146",
        "python_version": "3.7.7 (default, Apr 15 2020, 05:09:04) [MSC v.1916 64 bit (AMD64)]",
        "command_line_arguments": "E:\\Programs\\Anaconda\\envs\\Unity_Ml_Agents\\Scripts\\mlagents-learn config/rollerball_config_multi.yaml --run-id=RollerBall_multi --force",
        "mlagents_version": "0.16.0",
        "mlagents_envs_version": "0.16.0",
        "communication_protocol_version": "1.0.0",
        "tensorflow_version": "2.0.1",
        "end_time_seconds": "1588838707"
    },
    "total": 561.020037,
    "count": 1,
    "self": 0.0009876000000303975,
    "children": {
        "run_training.setup": {
            "total": 0.03084129999999874,
            "count": 1,
            "self": 0.03084129999999874
        },
        "TrainerController.start_learning": {
            "total": 560.9882081,
            "count": 1,
            "self": 34.20356649999542,
            "children": {
                "TrainerController._reset_env": {
                    "total": 16.429256700000003,
                    "count": 1,
                    "self": 16.429256700000003
                },
                "TrainerController.advance": {
                    "total": 509.52428990000436,
                    "count": 23783,
                    "self": 0.681494600003191,
                    "children": {
                        "env_step": {
                            "total": 508.84279530000117,
                            "count": 23783,
                            "self": 472.24102310000166,
                            "children": {
                                "SubprocessEnvManager._take_step": {
                                    "total": 35.858372100001446,
                                    "count": 23783,
                                    "self": 1.621242500005927,
                                    "children": {
                                        "NNPolicy.evaluate": {
                                            "total": 34.23712959999552,
                                            "count": 18037,
                                            "self": 34.23712959999552
                                        }
                                    }
                                },
                                "workers": {
                                    "total": 0.7434000999980874,
                                    "count": 23782,
                                    "self": 0.0,
                                    "children": {
                                        "worker_root": {
                                            "total": 541.6775170000057,
                                            "count": 23782,
                                            "is_parallel": true,
                                            "self": 181.90233800000595,
                                            "children": {
                                                "steps_from_proto": {
                                                    "total": 0.029171700000002687,
                                                    "count": 1,
                                                    "is_parallel": true,
                                                    "self": 0.0004137000000028479,
                                                    "children": {
                                                        "_process_vector_observation": {
                                                            "total": 0.02875799999999984,
                                                            "count": 2,
                                                            "is_parallel": true,
                                                            "self": 0.02875799999999984
                                                        }
                                                    }
                                                },
                                                "UnityEnvironment.step": {
                                                    "total": 359.7460072999997,
                                                    "count": 23782,
                                                    "is_parallel": true,
                                                    "self": 5.845393799998988,
                                                    "children": {
                                                        "UnityEnvironment._generate_step_input": {
                                                            "total": 6.107708499996864,
                                                            "count": 23782,
                                                            "is_parallel": true,
                                                            "self": 6.107708499996864
                                                        },
                                                        "communicator.exchange": {
                                                            "total": 334.4752076000018,
                                                            "count": 23782,
                                                            "is_parallel": true,
                                                            "self": 334.4752076000018
                                                        },
                                                        "steps_from_proto": {
                                                            "total": 13.317697400002025,
                                                            "count": 23782,
                                                            "is_parallel": true,
                                                            "self": 5.30624630000149,