{"count":1,"self":376.81638399999997,"total":982.14350919999993,"children":{"AgentSendState":{"count":324567,"self":15.3265728,"total":34.7143522,"children":{"CollectObservations":{"count":64914,"self":1.3650366999999999,"total":1.3650366999999999,"children":null},"CollectDiscreteActionMasks":{"count":64914,"self":0.83242379999999994,"total":0.83242379999999994,"children":null},"AgentInfo.ToProto":{"count":64914,"self":2.9911516,"total":17.1903182,"children":{"GenerateSensorData":{"count":64914,"self":5.0539879999999995,"total":14.1991666,"children":{"RayPerceptionSensor.Perceive":{"count":64914,"self":9.1451783999999989,"total":9.1451783999999989,"children":null}}}}}}},"DecideAction":{"count":324567,"self":561.44035839999992,"total":561.4403753,"children":null},"AgentAct":{"count":324567,"self":9.1493968,"total":9.1684102,"children":{"AgentInfo.ToProto":{"count":107,"self":0.0050168,"total":0.019013,"children":{"GenerateSensorData":{"count":107,"self":0.0039984999999999995,"total":0.013996199999999999,"children":{"RayPerceptionSensor.Perceive":{"count":107,"self":0.0099977,"total":0.0099977,"children":null}}}}}}}},"gauges":{"_Curriculum.CumulativeReward":{"count":107,"max":9.370004,"min":-5.499825,"runningAverage":1.29371738,"value":8.94500351,"weightedAverage":6.47633266}},"metadata":{"timer_format_version":"0.1.0","start_time_seconds":"1596894832","unity_version":"2018.4.21f1","command_line_arguments":"C:\\Program Files\\Unity\\Hub\\Editor\\2018.4.21f1\\Editor\\Unity.exe -projectpath G:\/Unity_Folder\/Unity_Projects\/Maze -useHub -hubIPC -cloudEnvironment production -hubSessionId e551d330-d8fa-11ea-8889-e3921dddbb9c","communication_protocol_version":"1.0.0","com.unity.ml-agents_version":"1.0.0-preview","scene_name":"Maze_Large_Multi_Scene","end_time_seconds":"1596895814"}}