{
    "name": "root",
    "gauges": {
        "first3DBallRun_3DBall.Policy.Entropy.mean": {
            "value": 1.286458134651184,
            "min": 1.2804954051971436,
            "max": 1.4189382791519165,
            "count": 30
        },
        "first3DBallRun_3DBall.Environment.EpisodeLength.mean": {
            "value": 999.0,
            "min": 22.365758754863812,
            "max": 999.0,
            "count": 30
        },
        "first3DBallRun_3DBall.Policy.ExtrinsicValueEstimate.mean": {
            "value": 8.828768730163574,
            "min": 0.01645737700164318,
            "max": 8.828768730163574,
            "count": 30
        },
        "first3DBallRun_3DBall.Environment.CumulativeReward.mean": {
            "value": 100.00001525878906,
            "min": 1.2360623317387602,
            "max": 100.00001525878906,
            "count": 30
        },
        "first3DBallRun_3DBall.Policy.ExtrinsicReward.mean": {
            "value": 100.00001525878906,
            "min": 1.2360623317387602,
            "max": 100.00001525878906,
            "count": 30
        },
        "first3DBallRun_3DBall.IsTraining.mean": {
            "value": 1.0,
            "min": 1.0,
            "max": 1.0,
            "count": 30
        },
        "first3DBallRun_3DBall.Losses.ValueLoss.mean": {
            "value": 0.44607868790626526,
            "min": 0.3152887523174286,
            "max": 11.548583030700684,
            "count": 28
        },
        "first3DBallRun_3DBall.Losses.PolicyLoss.mean": {
            "value": 0.09541723877191544,
            "min": 0.09318254142999649,
            "max": 0.10555906593799591,
            "count": 28
        },
        "first3DBallRun_3DBall.Policy.LearningRate.mean": {
            "value": 8.870887540979311e-05,
            "min": 8.870887540979311e-05,
            "max": 0.0002927940513473004,
            "count": 28
        }
    },
    "metadata": {
        "timer_format_version": "0.1.0",
        "start_time_seconds": "1588755873",
        "python_version": "3.7.7 (default, Apr 15 2020, 05:09:04) [MSC v.1916 64 bit (AMD64)]",
        "command_line_arguments": "E:\\Programs\\Anaconda\\envs\\Unity_Ml_Agents\\Scripts\\mlagents-learn config/trainer_config.yaml --run-id=first3DBallRun --force",
        "mlagents_version": "0.16.0",
        "mlagents_envs_version": "0.16.0",
        "communication_protocol_version": "1.0.0",
        "tensorflow_version": "2.0.1",
        "end_time_seconds": "1588756649"
    },
    "total": 776.8615578,
    "count": 1,
    "self": 0.0010165999999571795,
    "children": {
        "run_training.setup": {
            "total": 0.020251800000000486,
            "count": 1,
            "self": 0.020251800000000486
        },
        "TrainerController.start_learning": {
            "total": 776.8402894000001,
            "count": 1,
            "self": 36.809948100006864,
            "children": {
                "TrainerController._reset_env": {
                    "total": 16.1581934,
                    "count": 1,
                    "self": 16.1581934
                },
                "TrainerController.advance": {
                    "total": 722.9442610999932,
                    "count": 33054,
                    "self": 0.8423053999933927,
                    "children": {
                        "env_step": {
                            "total": 722.1019556999998,
                            "count": 33054,
                            "self": 666.8452148999777,
                            "children": {
                                "SubprocessEnvManager._take_step": {
                                    "total": 54.33363890001317,
                                    "count": 33054,
                                    "self": 2.4305230000064313,
                                    "children": {
                                        "NNPolicy.evaluate": {
                                            "total": 51.90311590000674,
                                            "count": 31201,
                                            "self": 51.90311590000674
                                        }
                                    }
                                },
                                "workers": {
                                    "total": 0.923101900008966,
                                    "count": 33053,
                                    "self": 0.0,
                                    "children": {
                                        "worker_root": {
                                            "total": 738.2312226999957,
                                            "count": 33053,
                                            "is_parallel": true,
                                            "self": 231.50030939999533,
                                            "children": {
                                                "steps_from_proto": {
                                                    "total": 0.0011586000000001206,
                                                    "count": 1,
                                                    "is_parallel": true,
                                                    "self": 0.00034420000000068285,
                                                    "children": {
                                                        "_process_vector_observation": {
                                                            "total": 0.0008143999999994378,
                                                            "count": 2,
                                                            "is_parallel": true,
                                                            "self": 0.0008143999999994378
                                                        }
                                                    }
                                                },
                                                "UnityEnvironment.step": {
                                                    "total": 506.72975470000034,
                                                    "count": 33053,
                                                    "is_parallel": true,
                                                    "self": 8.500556199991479,
                                                    "children": {
                                                        "UnityEnvironment._generate_step_input": {
                                                            "total": 10.364171500001031,
                                                            "count": 33053,
                                                            "is_parallel": true,
                                                            "self": 10.364171500001031
                                                        },
                                                        "communicator.exchange": {
                                                            "total": 467.95540520000566,
                                                            "count": 33053,
                                                            "is_parallel": true,
                                                            "self": 467.95540520000566
                                                        },
                                                        "steps_from_proto": {
                                                            "total": 19.909621800002178,
                                                            "count": 33053,
                                                            "is_parallel": true,
                                                            "self": 7.014448499987516,