{
    "name": "root",
    "gauges": {
        "firstWalker_Walker.Policy.Entropy.mean": {
            "value": 1.4045323133468628,
            "min": 1.4045323133468628,
            "max": 1.4045323133468628,
            "count": 1
        },
        "firstWalker_Walker.Environment.EpisodeLength.mean": {
            "value": 17.706314243759177,
            "min": 17.706314243759177,
            "max": 17.706314243759177,
            "count": 1
        },
        "firstWalker_Walker.Policy.ExtrinsicValueEstimate.mean": {
            "value": -1.6651556491851807,
            "min": -1.6651556491851807,
            "max": -1.6651556491851807,
            "count": 1
        },
        "firstWalker_Walker.Environment.CumulativeReward.mean": {
            "value": -1.050973756787621,
            "min": -1.050973756787621,
            "max": -1.050973756787621,
            "count": 1
        },
        "firstWalker_Walker.Policy.ExtrinsicReward.mean": {
            "value": -1.050973756787621,
            "min": -1.050973756787621,
            "max": -1.050973756787621,
            "count": 1
        },
        "firstWalker_Walker.Losses.ValueLoss.mean": {
            "value": 0.8984043598175049,
            "min": 0.8984043598175049,
            "max": 0.8984043598175049,
            "count": 1
        },
        "firstWalker_Walker.Losses.PolicyLoss.mean": {
            "value": 0.037323419004678726,
            "min": 0.037323419004678726,
            "max": 0.037323419004678726,
            "count": 1
        },
        "firstWalker_Walker.Policy.LearningRate.mean": {
            "value": 0.0002928749017883092,
            "min": 0.0002928749017883092,
            "max": 0.0002928749017883092,
            "count": 1
        },
        "firstWalker_Walker.IsTraining.mean": {
            "value": 1.0,
            "min": 1.0,
            "max": 1.0,
            "count": 1
        }
    },
    "metadata": {
        "timer_format_version": "0.1.0",
        "start_time_seconds": "1588763055",
        "python_version": "3.7.7 (default, Apr 15 2020, 05:09:04) [MSC v.1916 64 bit (AMD64)]",
        "command_line_arguments": "E:\\Programs\\Anaconda\\envs\\Unity_Ml_Agents\\Scripts\\mlagents-learn config/trainer_config.yaml --run-id=firstWalker --resume",
        "mlagents_version": "0.16.0",
        "mlagents_envs_version": "0.16.0",
        "communication_protocol_version": "1.0.0",
        "tensorflow_version": "2.0.1",
        "end_time_seconds": "1588763207"
    },
    "total": 152.0967413,
    "count": 1,
    "self": 0.001204800000010664,
    "children": {
        "run_training.setup": {
            "total": 0.020877800000000057,
            "count": 1,
            "self": 0.020877800000000057
        },
        "TrainerController.start_learning": {
            "total": 152.0746587,
            "count": 1,
            "self": 7.061259699999624,
            "children": {
                "TrainerController._reset_env": {
                    "total": 17.5811671,
                    "count": 1,
                    "self": 17.5811671
                },
                "TrainerController.advance": {
                    "total": 126.27640720000036,
                    "count": 4837,
                    "self": 0.12235859999974252,
                    "children": {
                        "env_step": {
                            "total": 126.15404860000062,
                            "count": 4837,
                            "self": 116.36827850000029,
                            "children": {
                                "SubprocessEnvManager._take_step": {
                                    "total": 9.652797900000458,
                                    "count": 4837,
                                    "self": 0.29373320000036784,
                                    "children": {
                                        "NNPolicy.evaluate": {
                                            "total": 9.35906470000009,
                                            "count": 3331,
                                            "self": 9.35906470000009
                                        }
                                    }
                                },
                                "workers": {
                                    "total": 0.13297219999987675,
                                    "count": 4836,
                                    "self": 0.0,
                                    "children": {
                                        "worker_root": {
                                            "total": 131.98721440000045,
                                            "count": 4836,
                                            "is_parallel": true,
                                            "self": 40.666563800000915,
                                            "children": {
                                                "steps_from_proto": {
                                                    "total": 0.0024198999999995863,
                                                    "count": 1,
                                                    "is_parallel": true,
                                                    "self": 0.0002847999999957551,
                                                    "children": {
                                                        "_process_vector_observation": {
                                                            "total": 0.002135100000003831,
                                                            "count": 2,
                                                            "is_parallel": true,
                                                            "self": 0.002135100000003831
                                                        }
                                                    }
                                                },
                                                "UnityEnvironment.step": {
                                                    "total": 91.31823069999955,
                                                    "count": 4836,
                                                    "is_parallel": true,
                                                    "self": 1.7093732999992568,
                                                    "children": {
                                                        "UnityEnvironment._generate_step_input": {
                                                            "total": 1.9208914000004285,
                                                            "count": 4836,
                                                            "is_parallel": true,
                                                            "self": 1.9208914000004285
                                                        },
                                                        "communicator.exchange": {
                                                            "total": 81.61624919999954,
                                                            "count": 4836,
                                                            "is_parallel": true,
                                                            "self": 81.61624919999954
                                                        },
                                                        "steps_from_proto": {
                                                            "total": 6.07171680000031,
                                                            "count": 4836,
                                                            "is_parallel": true,
                                                            "self": 1.0054029000003943,