{
    "name": "root",
    "gauges": {
        "maze_large_Maze_Ray_Large_Try1.Policy.Entropy.mean": {
            "value": 0.21054480969905853,
            "min": 0.14875657856464386,
            "max": 0.29113295674324036,
            "count": 40
        },
        "maze_large_Maze_Ray_Large_Try1.Policy.ExtrinsicValueEstimate.mean": {
            "value": 5.319829940795898,
            "min": 4.393678188323975,
            "max": 6.394807815551758,
            "count": 40
        },
        "maze_large_Maze_Ray_Large_Try1.Environment.EpisodeLength.mean": {
            "value": 91.66666666666667,
            "min": 75.14285714285714,
            "max": 99.0,
            "count": 40
        },
        "maze_large_Maze_Ray_Large_Try1.Environment.CumulativeReward.mean": {
            "value": 3.2883999764919283,
            "min": -0.6800000131130218,
            "max": 8.156999792371478,
            "count": 40
        },
        "maze_large_Maze_Ray_Large_Try1.Policy.ExtrinsicReward.mean": {
            "value": 3.2883999764919283,
            "min": -0.6800000131130218,
            "max": 8.156999792371478,
            "count": 40
        },
        "maze_large_Maze_Ray_Large_Try1.IsTraining.mean": {
            "value": 1.0,
            "min": 1.0,
            "max": 1.0,
            "count": 40
        },
        "maze_large_Maze_Ray_Large_Try1.Losses.ValueLoss.mean": {
            "value": 0.46487823128700256,
            "min": 0.3968559801578522,
            "max": 0.5861667990684509,
            "count": 19
        },
        "maze_large_Maze_Ray_Large_Try1.Losses.PolicyLoss.mean": {
            "value": 0.2926027476787567,
            "min": 0.23513372242450714,
            "max": 0.2926027476787567,
            "count": 19
        },
        "maze_large_Maze_Ray_Large_Try1.Policy.LearningRate.mean": {
            "value": 1.0179690434597433e-05,
            "min": 1.0179690434597433e-05,
            "max": 2.1262285372358747e-05,
            "count": 19
        }
    },
    "metadata": {
        "timer_format_version": "0.1.0",
        "start_time_seconds": "1589730525",
        "python_version": "3.7.7 (default, Apr 15 2020, 05:09:04) [MSC v.1916 64 bit (AMD64)]",
        "command_line_arguments": "E:\\Programs\\Anaconda\\envs\\Unity_Ml_Agents\\Scripts\\mlagents-learn config/maze_large_trainer_config.yaml --run-id=maze_large --resume",
        "mlagents_version": "0.16.0",
        "mlagents_envs_version": "0.16.0",
        "communication_protocol_version": "1.0.0",
        "tensorflow_version": "2.0.1",
        "end_time_seconds": "1589730979"
    },
    "total": 453.85380749999996,
    "count": 1,
    "self": 0.0015315999999074847,
    "children": {
        "run_training.setup": {
            "total": 0.018465899999999813,
            "count": 1,
            "self": 0.018465899999999813
        },
        "TrainerController.start_learning": {
            "total": 453.83381,
            "count": 1,
            "self": 15.396676299998774,
            "children": {
                "TrainerController._reset_env": {
                    "total": 17.3663927,
                    "count": 1,
                    "self": 17.3663927
                },
                "TrainerController.advance": {
                    "total": 420.0328117000012,
                    "count": 20448,
                    "self": 0.469121100001189,
                    "children": {
                        "env_step": {
                            "total": 419.56369060000003,
                            "count": 20448,
                            "self": 387.53213899999776,
                            "children": {
                                "SubprocessEnvManager._take_step": {
                                    "total": 31.493988800002672,
                                    "count": 20448,
                                    "self": 1.1662626000021596,
                                    "children": {
                                        "NNPolicy.evaluate": {
                                            "total": 30.327726200000512,
                                            "count": 20261,
                                            "self": 30.327726200000512
                                        }
                                    }
                                },
                                "workers": {
                                    "total": 0.5375627999995913,
                                    "count": 20447,
                                    "self": 0.0,
                                    "children": {
                                        "worker_root": {
                                            "total": 433.67602189999855,
                                            "count": 20447,
                                            "is_parallel": true,
                                            "self": 93.45970139999775,
                                            "children": {
                                                "steps_from_proto": {
                                                    "total": 0.0007532999999995127,
                                                    "count": 1,
                                                    "is_parallel": true,
                                                    "self": 0.0003413999999963835,
                                                    "children": {
                                                        "_process_vector_observation": {
                                                            "total": 0.0004119000000031292,
                                                            "count": 4,
                                                            "is_parallel": true,
                                                            "self": 0.0004119000000031292
                                                        }
                                                    }
                                                },
                                                "UnityEnvironment.step": {
                                                    "total": 340.2155672000008,
                                                    "count": 20447,
                                                    "is_parallel": true,
                                                    "self": 3.639969999995742,
                                                    "children": {
                                                        "UnityEnvironment._generate_step_input": {
                                                            "total": 2.532444500000345,
                                                            "count": 20447,
                                                            "is_parallel": true,
                                                            "self": 2.532444500000345
                                                        },
                                                        "communicator.exchange": {
                                                            "total": 320.9876803000023,
                                                            "count": 20447,
                                                            "is_parallel": true,
                                                            "self": 320.9876803000023
                                                        },
                                                        "steps_from_proto": {
                                                            "total": 13.05547240000244,
                                                            "count": 20447,
                                                            "is_parallel": true,
                                                            "self": 6.654910200006771,