{
    "name": "root",
    "gauges": {
        "maze_para_try1_Maze_Ray_para_try1.Policy.Entropy.mean": {
            "value": 1.2849361896514893,
            "min": 1.2849361896514893,
            "max": 1.3662035465240479,
            "count": 2
        },
        "maze_para_try1_Maze_Ray_para_try1.Policy.ExtrinsicValueEstimate.mean": {
            "value": -4.313215732574463,
            "min": -4.313215732574463,
            "max": -2.6394155025482178,
            "count": 2
        },
        "maze_para_try1_Maze_Ray_para_try1.IsTraining.mean": {
            "value": 1.0,
            "min": 1.0,
            "max": 1.0,
            "count": 2
        },
        "maze_para_try1_Maze_Ray_para_try1.Losses.ValueLoss.mean": {
            "value": 0.9906705021858215,
            "min": 0.9906705021858215,
            "max": 0.9906705021858215,
            "count": 1
        },
        "maze_para_try1_Maze_Ray_para_try1.Losses.PolicyLoss.mean": {
            "value": 0.5562113523483276,
            "min": 0.5562113523483276,
            "max": 0.5562113523483276,
            "count": 1
        },
        "maze_para_try1_Maze_Ray_para_try1.Policy.LearningRate.mean": {
            "value": 0.0002989759959746152,
            "min": 0.0002989759959746152,
            "max": 0.0002989759959746152,
            "count": 1
        },
        "maze_para_try1_Maze_Ray_para_try1.Environment.EpisodeLength.mean": {
            "value": 1999.0,
            "min": 1999.0,
            "max": 1999.0,
            "count": 1
        }
    },
    "metadata": {
        "timer_format_version": "0.1.0",
        "start_time_seconds": "1589655286",
        "python_version": "3.7.7 (default, Apr 15 2020, 05:09:04) [MSC v.1916 64 bit (AMD64)]",
        "command_line_arguments": "E:\\Programs\\Anaconda\\envs\\Unity_Ml_Agents\\Scripts\\mlagents-learn config/maze_trainer_config.yaml --run-id=maze_para_try1 --force",
        "mlagents_version": "0.16.0",
        "mlagents_envs_version": "0.16.0",
        "communication_protocol_version": "1.0.0",
        "tensorflow_version": "2.0.1",
        "end_time_seconds": "1589655377"
    },
    "total": 91.2640463,
    "count": 1,
    "self": 0.0014162000000084163,
    "children": {
        "run_training.setup": {
            "total": 0.019073500000000188,
            "count": 1,
            "self": 0.019073500000000188
        },
        "TrainerController.start_learning": {
            "total": 91.24355659999999,
            "count": 1,
            "self": 4.599361000000286,
            "children": {
                "TrainerController._reset_env": {
                    "total": 15.193397800000001,
                    "count": 1,
                    "self": 15.193397800000001
                },
                "TrainerController.advance": {
                    "total": 70.69231689999971,
                    "count": 2804,
                    "self": 0.06692900000003021,
                    "children": {
                        "env_step": {
                            "total": 70.62538789999968,
                            "count": 2804,
                            "self": 65.72265309999901,
                            "children": {
                                "SubprocessEnvManager._take_step": {
                                    "total": 4.825331900000137,
                                    "count": 2804,
                                    "self": 0.17084979999967587,
                                    "children": {
                                        "NNPolicy.evaluate": {
                                            "total": 4.654482100000461,
                                            "count": 2804,
                                            "self": 4.654482100000461
                                        }
                                    }
                                },
                                "workers": {
                                    "total": 0.07740290000054273,
                                    "count": 2803,
                                    "self": 0.0,
                                    "children": {
                                        "worker_root": {
                                            "total": 74.72589069999995,
                                            "count": 2803,
                                            "is_parallel": true,
                                            "self": 15.99370249999994,
                                            "children": {
                                                "steps_from_proto": {
                                                    "total": 0.001038900000001064,
                                                    "count": 1,
                                                    "is_parallel": true,
                                                    "self": 0.00038610000000005584,
                                                    "children": {
                                                        "_process_vector_observation": {
                                                            "total": 0.0006528000000010081,
                                                            "count": 4,
                                                            "is_parallel": true,
                                                            "self": 0.0006528000000010081
                                                        }
                                                    }
                                                },
                                                "UnityEnvironment.step": {
                                                    "total": 58.731149300000006,
                                                    "count": 2803,
                                                    "is_parallel": true,
                                                    "self": 0.5190174999999542,
                                                    "children": {
                                                        "UnityEnvironment._generate_step_input": {
                                                            "total": 0.37166449999965323,
                                                            "count": 2803,
                                                            "is_parallel": true,
                                                            "self": 0.37166449999965323
                                                        },
                                                        "communicator.exchange": {
                                                            "total": 55.97228310000019,
                                                            "count": 2803,
                                                            "is_parallel": true,
                                                            "self": 55.97228310000019
                                                        },
                                                        "steps_from_proto": {
                                                            "total": 1.8681842000002042,
                                                            "count": 2803,
                                                            "is_parallel": true,
                                                            "self": 0.9580936999999032,
                                                            "children": {
                                                                "_process_vector_observation": {
                                                                    "total": 0.910090500000301,
                                                                    "count": 11212,
                                                                    "is_parallel": true,