{
    "name": "root",
    "gauges": {
        "Maze_Ray_SAC_Maze_Ray_Large_Same_SAC.Policy.Entropy.mean": {
            "value": 0.47844183444976807,
            "min": 0.47844183444976807,
            "max": 0.47844183444976807,
            "count": 1
        },
        "Maze_Ray_SAC_Maze_Ray_Large_Same_SAC.Policy.ExtrinsicValueEstimate.mean": {
            "value": 0.9209944009780884,
            "min": 0.9209944009780884,
            "max": 0.9209944009780884,
            "count": 1
        },
        "Maze_Ray_SAC_Maze_Ray_Large_Same_SAC.Policy.CuriosityValueEstimate.mean": {
            "value": 0.25394630432128906,
            "min": 0.25394630432128906,
            "max": 0.25394630432128906,
            "count": 1
        },
        "Maze_Ray_SAC_Maze_Ray_Large_Same_SAC.Losses.ValueLoss.mean": {
            "value": 0.012363583780825138,
            "min": 0.012363583780825138,
            "max": 0.012363583780825138,
            "count": 1
        },
        "Maze_Ray_SAC_Maze_Ray_Large_Same_SAC.Losses.PolicyLoss.mean": {
            "value": -0.12083994597196579,
            "min": -0.12083994597196579,
            "max": -0.12083994597196579,
            "count": 1
        },
        "Maze_Ray_SAC_Maze_Ray_Large_Same_SAC.Losses.Q1Loss.mean": {
            "value": 0.004648357164114714,
            "min": 0.004648357164114714,
            "max": 0.004648357164114714,
            "count": 1
        },
        "Maze_Ray_SAC_Maze_Ray_Large_Same_SAC.Losses.Q2Loss.mean": {
            "value": 0.003783749882131815,
            "min": 0.003783749882131815,
            "max": 0.003783749882131815,
            "count": 1
        },
        "Maze_Ray_SAC_Maze_Ray_Large_Same_SAC.Policy.EntropyCoeff.mean": {
            "value": 0.4813673198223114,
            "min": 0.4813673198223114,
            "max": 0.4813673198223114,
            "count": 1
        },
        "Maze_Ray_SAC_Maze_Ray_Large_Same_SAC.Policy.LearningRate.mean": {
            "value": 0.00029999998514540493,
            "min": 0.00029999998514540493,
            "max": 0.00029999998514540493,
            "count": 1
        },
        "Maze_Ray_SAC_Maze_Ray_Large_Same_SAC.Losses.PretrainingLoss.mean": {
            "value": 0.010205034166574478,
            "min": 0.010205034166574478,
            "max": 0.010205034166574478,
            "count": 1
        },
        "Maze_Ray_SAC_Maze_Ray_Large_Same_SAC.Losses.CuriosityForwardLoss.mean": {
            "value": 1541.9873046875,
            "min": 1541.9873046875,
            "max": 1541.9873046875,
            "count": 1
        },
        "Maze_Ray_SAC_Maze_Ray_Large_Same_SAC.Losses.CuriosityInverseLoss.mean": {
            "value": 0.9319121241569519,
            "min": 0.9319121241569519,
            "max": 0.9319121241569519,
            "count": 1
        },
        "Maze_Ray_SAC_Maze_Ray_Large_Same_SAC.IsTraining.mean": {
            "value": 1.0,
            "min": 1.0,
            "max": 1.0,
            "count": 1
        }
    },
    "metadata": {
        "timer_format_version": "0.1.0",
        "start_time_seconds": "1590264549",
        "python_version": "3.7.7 (default, Apr 15 2020, 05:09:04) [MSC v.1916 64 bit (AMD64)]",
        "command_line_arguments": "E:\\Programs\\Anaconda\\envs\\Unity_Ml_Agents\\Scripts\\mlagents-learn config/maze_large_trainer_config_sac.yaml --run-id=Maze_Ray_SAC --resume",
        "mlagents_version": "0.16.0",
        "mlagents_envs_version": "0.16.0",
        "communication_protocol_version": "1.0.0",
        "tensorflow_version": "2.0.1",
        "end_time_seconds": "1590266657"
    },
    "total": 2108.2084537,
    "count": 1,
    "self": 0.003010299999914423,
    "children": {
        "run_training.setup": {
            "total": 0.023100899999999314,
            "count": 1,
            "self": 0.023100899999999314
        },
        "TrainerController.start_learning": {
            "total": 2108.1823425000002,
            "count": 1,
            "self": 18.180549400000928,
            "children": {
                "TrainerController._reset_env": {
                    "total": 16.8417189,
                    "count": 1,
                    "self": 16.8417189
                },
                "demo_to_buffer": {
                    "total": 5.811119100000003,
                    "count": 1,
                    "self": 0.010568900000002657,
                    "children": {
                        "load_demonstration": {
                            "total": 0.0900162999999985,
                            "count": 1,
                            "self": 0.08876739999999828,
                            "children": {
                                "read_file": {
                                    "total": 0.0012489000000002193,
                                    "count": 1,
                                    "self": 0.0012489000000002193
                                }
                            }
                        },
                        "make_demo_buffer": {
                            "total": 5.7105339000000015,
                            "count": 1,
                            "self": 1.1228036000000436,
                            "children": {
                                "steps_from_proto": {
                                    "total": 4.587730299999958,
                                    "count": 7846,
                                    "self": 2.4985660999993335,
                                    "children": {
                                        "_process_vector_observation": {
                                            "total": 2.0891642000006243,
                                            "count": 31384,
                                            "self": 2.0891642000006243
                                        }
                                    }
                                }
                            }
                        }
                    }
                },
                "TrainerController.advance": {
                    "total": 2063.7843306999994,
                    "count": 4677,
                    "self": 0.2248607999977139,
                    "children": {
                        "env_step": {
                            "total": 2063.5594699000017,
                            "count": 4677,
                            "self": 2044.1343572999942,
                            "children": {
                                "SubprocessEnvManager._take_step": {
                                    "total": 19.152065300003997,
                                    "count": 4677,
                                    "self": 0.4895223000043103,
                                    "children": {
                                        "NNPolicy.evaluate": {
                                            "total": 18.662542999999687,
                                            "count": 4677,
                                            "self": 18.662542999999687
                                        }
                                    }
                                },
                                "workers": {
                                    "total": 0.27304730000339106,
                                    "count": 4676,
                                    "self": 0.0,
                                    "children": {
                                        "worker_root": {
                                            "total": 2084.7586587999986,
                                            "count": 4676,
                                            "is_parallel": true,
                                            "self": 1951.9964732000108,